number_of_reqs,elapsed_time
1,0.011729
2,0.003394
5,0.004506
10,0.006169
20,0.009177
50,0.018358
100,0.034212
200,0.06046
500,0.150305
1000,0.287289
2000,0.555371
5000,1.240628
10000,2.496462
20000,4.804894
50000,12.346751
100000,25.93392
