number_of_reqs,elapsed_time
1,0.009035
2,0.003523
5,0.006606
10,0.007049
20,0.013664
50,0.02955
100,0.047109
200,0.098552
500,0.320739
1000,0.571725
2000,1.293757
5000,3.834121
10000,7.32328
20000,14.081806
50000,36.108656
100000,73.961257
